{
	"name": "cec-sites-toolkit-source",
	"version": "22.7.2",
	"license": "UPL-1.0",
	"description": "Content Management Toolkit Development",
	"main": "index.js",
	"directories": {},
	"scripts": {
		"build": "gulp",
		"test": "mocha --recursive test",
		"test-debug": "mocha --inspect-brk --recursive test",
		"test-unit": "mocha --recursive test -R ./node_modules/mocha-junit-reporter",
		"test-headless": "mocha --recursive test --headless",
		"test-remote": "mocha --recursive test --remote"
	},
	"repository": {
		"type": "git",
		"url": ""
	},
	"keywords": [
		"SCS"
	],
	"author": "Oracle",
	"engines": {
		"node": ">=16.18.1"
	},
	"dependencies": {
		"chai": "4.3.7",
		"del": "6.1.1",
		"gulp": "4.0.2",
		"gulp-replace": "1.1.4",
		"lodash": "4.17.21",
		"marked": "4.0.10",
		"mocha": "10.1.0",
		"mocha-junit-reporter": "2.0.2",
		"mustache": "4.2.0",
		"preact": "10.6.6",
		"preact-render-to-string": "5.2.6",
		"puppeteer": "15.3.1",
		"react": "18.2.0",
		"react-dom": "18.2.0",
		"requirejs": "2.3.6"
	},
	"overrides": {
		"es5-ext": "0.10.53"
	}
}
